category,subcategory,value,unit,emission_factor,scope
Waste,Recycling,2907.22,kg,0.098,Scope 2
Transport,Train,2328.09,kg,0.6579,Scope 3
Manufacturing,Cement,1666.19,kg,0.598,Scope 2
Transport,Train,3090.37,kg,0.3089,Scope 2
Transport,Flight,1565.39,kg,0.3574,Scope 3
Energy,Natural Gas,4219.17,kWh,0.1884,Scope 3
Manufacturing,Steel,202.79,kg,0.1364,Scope 1
Transport,Flight,909.86,kg,0.17,Scope 2
Manufacturing,Steel,4015.05,kg,0.4099,Scope 3
Waste,Landfill,2080.23,kg,0.0246,Scope 3
Manufacturing,Steel,1271.07,kg,0.3985,Scope 1
Transport,Bus,686.92,kg,0.1867,Scope 1
Energy,Electricity,4309.73,kWh,0.5629,Scope 3
Manufacturing,Cement,1356.45,kg,0.6951,Scope 3
Energy,Coal,1493.31,kWh,0.0196,Scope 3
Manufacturing,Aluminum,4033.89,kg,0.622,Scope 3
Manufacturing,Aluminum,3395.62,kg,0.1632,Scope 2
Manufacturing,Steel,1087.77,kg,0.0329,Scope 1
Transport,Bus,3116.15,kg,0.4713,Scope 1
Energy,Coal,4183.0,kWh,0.7635,Scope 3
Waste,Landfill,877.52,kg,0.2999,Scope 2
Manufacturing,Steel,4226.58,kg,0.2391,Scope 2
Transport,Train,4121.22,kg,0.3981,Scope 3
Waste,Landfill,2214.71,kg,0.202,Scope 2
Waste,Landfill,3344.62,kg,0.058,Scope 3
Manufacturing,Steel,1134.88,kg,0.7002,Scope 2
Waste,Composting,2692.28,kg,0.1572,Scope 3
Waste,Composting,4793.76,kg,0.2992,Scope 1
Transport,Bus,495.87,kg,0.6768,Scope 2
Energy,Electricity,526.0,kWh,0.7736,Scope 1
Manufacturing,Cement,2951.5,kg,0.4288,Scope 2
Transport,Flight,2563.28,kg,0.5951,Scope 2
Waste,Landfill,650.58,kg,0.4829,Scope 3
Manufacturing,Steel,1785.01,kg,0.7614,Scope 2
Waste,Recycling,1614.64,kg,0.2026,Scope 1
Energy,Electricity,969.24,kWh,0.0617,Scope 3
Energy,Electricity,4172.4,kWh,0.1412,Scope 2
Waste,Landfill,1801.58,kg,0.7606,Scope 2
Waste,Recycling,3614.07,kg,0.1649,Scope 3
Waste,Recycling,278.84,kg,0.1226,Scope 1
Transport,Car,2469.57,kg,0.0595,Scope 2
Waste,Recycling,1934.71,kg,0.6628,Scope 3
Energy,Natural Gas,1893.6,kWh,0.7009,Scope 3
Energy,Coal,4321.1,kWh,0.6878,Scope 1
Energy,Natural Gas,4063.88,kWh,0.0306,Scope 3
Transport,Train,4558.75,kg,0.5761,Scope 2
Energy,Natural Gas,2212.18,kWh,0.0629,Scope 3
Energy,Coal,2205.86,kWh,0.5482,Scope 2
Energy,Electricity,4378.05,kWh,0.3464,Scope 2
Transport,Bus,140.03,kg,0.6385,Scope 3
Manufacturing,Cement,2676.6,kg,0.7158,Scope 2
Energy,Natural Gas,2270.72,kWh,0.0426,Scope 2
Manufacturing,Steel,1374.38,kg,0.0281,Scope 3
Waste,Landfill,3429.61,kg,0.1527,Scope 1
Waste,Recycling,912.55,kg,0.3588,Scope 1
Energy,Coal,1662.59,kWh,0.092,Scope 1
Waste,Landfill,2666.96,kg,0.7576,Scope 1
Waste,Recycling,4972.62,kg,0.4817,Scope 3
Manufacturing,Cement,2101.34,kg,0.0409,Scope 3
Transport,Flight,1021.25,kg,0.556,Scope 2
Transport,Bus,1265.8,kg,0.1762,Scope 3
Energy,Natural Gas,3755.27,kWh,0.3789,Scope 3
Transport,Car,4144.55,kg,0.0769,Scope 1
Manufacturing,Aluminum,4511.78,kg,0.2458,Scope 2
Waste,Landfill,4629.95,kg,0.4652,Scope 3
Energy,Coal,2372.92,kWh,0.3953,Scope 3
Transport,Train,2729.44,kg,0.4636,Scope 1
Manufacturing,Aluminum,3486.75,kg,0.6742,Scope 2
Transport,Flight,4008.67,kg,0.4392,Scope 2
Transport,Train,4269.2,kg,0.0433,Scope 1
Waste,Composting,1927.47,kg,0.712,Scope 3
Energy,Coal,1474.17,kWh,0.125,Scope 2
Manufacturing,Cement,3063.63,kg,0.7285,Scope 3
Transport,Bus,4121.95,kg,0.6832,Scope 1
Energy,Coal,3039.02,kWh,0.0188,Scope 2
Manufacturing,Aluminum,3912.12,kg,0.6394,Scope 1
Waste,Recycling,1761.01,kg,0.6724,Scope 3
Manufacturing,Aluminum,2903.32,kg,0.6856,Scope 1
Waste,Landfill,3794.31,kg,0.2957,Scope 3
Transport,Train,507.33,kg,0.5632,Scope 1
Waste,Composting,971.5,kg,0.4545,Scope 2
Waste,Landfill,4107.75,kg,0.5877,Scope 3
Manufacturing,Cement,1974.07,kg,0.248,Scope 1
Energy,Natural Gas,2540.44,kWh,0.3179,Scope 2
Waste,Recycling,1056.97,kg,0.2397,Scope 2
Transport,Train,925.95,kg,0.155,Scope 2
Manufacturing,Cement,3650.89,kg,0.146,Scope 1
Manufacturing,Steel,3635.18,kg,0.3454,Scope 3
Energy,Coal,1310.66,kWh,0.2773,Scope 1
Waste,Landfill,3011.29,kg,0.0949,Scope 3
Manufacturing,Cement,285.82,kg,0.6538,Scope 2
Transport,Bus,2050.91,kg,0.7162,Scope 3
Energy,Natural Gas,135.37,kWh,0.5704,Scope 3
Energy,Coal,418.2,kWh,0.0608,Scope 3
Transport,Bus,1087.3,kg,0.5291,Scope 2
Waste,Composting,3457.79,kg,0.1068,Scope 1
Waste,Composting,3565.87,kg,0.4126,Scope 3
Transport,Flight,1424.29,kg,0.6226,Scope 2
Transport,Flight,4383.03,kg,0.4689,Scope 1
Waste,Recycling,3509.98,kg,0.049,Scope 3
Transport,Car,2352.68,kg,0.0534,Scope 2
Waste,Landfill,3239.92,kg,0.738,Scope 1
Manufacturing,Steel,2126.06,kg,0.3054,Scope 1
Manufacturing,Aluminum,4049.45,kg,0.4369,Scope 1
Transport,Bus,2310.4,kg,0.7467,Scope 1
Manufacturing,Steel,1414.97,kg,0.7679,Scope 2
Waste,Composting,2321.5,kg,0.1027,Scope 3
Transport,Train,3666.79,kg,0.1318,Scope 2
Energy,Natural Gas,3753.21,kWh,0.406,Scope 3
Waste,Landfill,3638.56,kg,0.7332,Scope 3
Energy,Natural Gas,3443.96,kWh,0.1041,Scope 2
Waste,Recycling,4855.92,kg,0.3691,Scope 1
Manufacturing,Steel,3237.55,kg,0.7196,Scope 2
Transport,Train,1165.32,kg,0.4764,Scope 2
Energy,Natural Gas,4688.68,kWh,0.5382,Scope 3
Waste,Composting,1787.96,kg,0.2899,Scope 2
Manufacturing,Steel,3237.35,kg,0.1385,Scope 3
Waste,Composting,2521.48,kg,0.0049,Scope 2
Transport,Bus,2416.52,kg,0.0541,Scope 3
Waste,Recycling,3276.2,kg,0.4715,Scope 3
Waste,Landfill,4865.06,kg,0.4882,Scope 2
Transport,Flight,3656.27,kg,0.4394,Scope 3
Waste,Landfill,3377.43,kg,0.4941,Scope 2
Energy,Coal,1083.52,kWh,0.0126,Scope 2
Manufacturing,Aluminum,2356.3,kg,0.2566,Scope 2
Manufacturing,Aluminum,4694.6,kg,0.2028,Scope 3
Transport,Train,872.31,kg,0.1634,Scope 3
Energy,Electricity,1867.68,kWh,0.5394,Scope 3
Energy,Natural Gas,4762.77,kWh,0.3732,Scope 2
Transport,Bus,1058.93,kg,0.3195,Scope 2
Transport,Train,3895.01,kg,0.6065,Scope 1
Transport,Bus,1107.49,kg,0.7745,Scope 3
Waste,Composting,2414.56,kg,0.4726,Scope 2
Manufacturing,Cement,2230.59,kg,0.2842,Scope 2
Transport,Bus,913.07,kg,0.44,Scope 2
Energy,Coal,3990.65,kWh,0.5924,Scope 1
Energy,Coal,213.03,kWh,0.0988,Scope 2
Manufacturing,Aluminum,4462.41,kg,0.7565,Scope 1
Energy,Natural Gas,4857.49,kWh,0.5679,Scope 3
Manufacturing,Aluminum,636.81,kg,0.3859,Scope 3
Energy,Natural Gas,445.79,kWh,0.6923,Scope 1
Energy,Coal,1106.73,kWh,0.0042,Scope 2
Transport,Train,3932.32,kg,0.7719,Scope 3
Manufacturing,Cement,3074.67,kg,0.3275,Scope 2
Waste,Landfill,768.52,kg,0.2039,Scope 3
Energy,Natural Gas,4716.41,kWh,0.3682,Scope 2
Manufacturing,Cement,1249.99,kg,0.5564,Scope 1
Manufacturing,Cement,371.9,kg,0.2171,Scope 1
Waste,Landfill,2091.45,kg,0.0479,Scope 2
Energy,Natural Gas,1548.09,kWh,0.3542,Scope 2
Transport,Bus,3135.36,kg,0.7321,Scope 1
Energy,Natural Gas,3945.71,kWh,0.4825,Scope 1
Waste,Composting,3185.58,kg,0.7275,Scope 2
Manufacturing,Steel,1137.37,kg,0.7147,Scope 2
Waste,Composting,3843.11,kg,0.6117,Scope 2
Transport,Flight,4266.85,kg,0.4143,Scope 3
Manufacturing,Steel,3033.82,kg,0.3196,Scope 2
Energy,Coal,3839.13,kWh,0.4502,Scope 1
Energy,Coal,3478.13,kWh,0.2784,Scope 3
Energy,Coal,3452.6,kWh,0.325,Scope 3
Manufacturing,Cement,4882.13,kg,0.3429,Scope 2
Manufacturing,Aluminum,3604.32,kg,0.3488,Scope 3
Manufacturing,Cement,4049.67,kg,0.4785,Scope 3
Manufacturing,Steel,699.16,kg,0.313,Scope 2
Manufacturing,Aluminum,1731.48,kg,0.0648,Scope 1
Manufacturing,Aluminum,2950.82,kg,0.0692,Scope 2
Manufacturing,Steel,238.44,kg,0.3081,Scope 3
Transport,Bus,929.06,kg,0.6587,Scope 2
Waste,Composting,1417.32,kg,0.0125,Scope 3
Transport,Car,1503.11,kg,0.7487,Scope 2
Transport,Flight,3491.84,kg,0.0148,Scope 2
Energy,Electricity,643.42,kWh,0.0842,Scope 1
Manufacturing,Steel,4456.31,kg,0.5763,Scope 2
Energy,Coal,1785.64,kWh,0.6397,Scope 3
Energy,Electricity,4196.56,kWh,0.6735,Scope 1
Energy,Coal,4707.74,kWh,0.4942,Scope 3
Waste,Composting,4030.79,kg,0.0147,Scope 1
Manufacturing,Aluminum,1452.06,kg,0.3531,Scope 1
Transport,Car,983.0,kg,0.4501,Scope 3
Transport,Car,255.31,kg,0.0557,Scope 2
Transport,Car,1651.23,kg,0.1913,Scope 2
Energy,Electricity,4915.97,kWh,0.6527,Scope 1
Energy,Electricity,3541.94,kWh,0.1083,Scope 2
Energy,Natural Gas,3142.76,kWh,0.1296,Scope 3
Energy,Electricity,952.16,kWh,0.7053,Scope 1
Waste,Landfill,531.52,kg,0.7552,Scope 3
Transport,Flight,1938.48,kg,0.1005,Scope 1
Transport,Train,3084.69,kg,0.7274,Scope 1
Transport,Car,1221.41,kg,0.0739,Scope 3
Transport,Bus,57.45,kg,0.7086,Scope 3
Manufacturing,Cement,829.52,kg,0.1378,Scope 1
Waste,Recycling,3629.82,kg,0.3942,Scope 2
Energy,Electricity,705.91,kWh,0.7216,Scope 3
Transport,Flight,158.21,kg,0.6064,Scope 1
Waste,Recycling,2123.75,kg,0.3921,Scope 1
Transport,Car,1063.61,kg,0.1896,Scope 2
Transport,Bus,2139.09,kg,0.6802,Scope 1
Energy,Natural Gas,1667.27,kWh,0.5313,Scope 1
Manufacturing,Steel,244.43,kg,0.3181,Scope 3
Manufacturing,Steel,1142.79,kg,0.2656,Scope 1
Transport,Car,2143.97,kg,0.5515,Scope 2
Waste,Recycling,4231.82,kg,0.1394,Scope 1
Manufacturing,Steel,4922.06,kg,0.6518,Scope 3
Manufacturing,Cement,2225.68,kg,0.4898,Scope 3
Waste,Recycling,333.76,kg,0.0824,Scope 1
Energy,Electricity,1188.52,kWh,0.6337,Scope 1
Waste,Composting,4990.27,kg,0.7092,Scope 1
Manufacturing,Cement,2822.66,kg,0.1672,Scope 3
Energy,Coal,167.7,kWh,0.0057,Scope 1
Manufacturing,Steel,149.55,kg,0.2042,Scope 2
Waste,Composting,2769.94,kg,0.6165,Scope 1
Waste,Composting,1738.16,kg,0.1415,Scope 3
Transport,Bus,2178.56,kg,0.5283,Scope 2
Energy,Coal,4178.28,kWh,0.7894,Scope 2
Waste,Composting,128.3,kg,0.3916,Scope 2
Transport,Flight,4372.63,kg,0.2402,Scope 2
Transport,Flight,4533.88,kg,0.1035,Scope 3
Transport,Train,3417.03,kg,0.6273,Scope 3
Waste,Landfill,3535.75,kg,0.5046,Scope 2
Waste,Recycling,1172.62,kg,0.4006,Scope 1
Energy,Natural Gas,3060.61,kWh,0.6673,Scope 1
Manufacturing,Cement,4507.19,kg,0.3966,Scope 1
Energy,Coal,368.06,kWh,0.7268,Scope 1
Energy,Electricity,544.94,kWh,0.3879,Scope 3
Waste,Composting,2220.4,kg,0.2036,Scope 3
Transport,Car,4261.95,kg,0.7384,Scope 2
Waste,Recycling,3192.66,kg,0.4157,Scope 3
Waste,Composting,4499.86,kg,0.0228,Scope 1
Manufacturing,Steel,20.22,kg,0.2389,Scope 3
Waste,Composting,3951.71,kg,0.1812,Scope 1
Waste,Composting,4975.13,kg,0.7471,Scope 1
Energy,Electricity,4002.43,kWh,0.0456,Scope 2
Manufacturing,Steel,4958.28,kg,0.1354,Scope 1
Waste,Landfill,3439.26,kg,0.0836,Scope 2
Manufacturing,Cement,3175.73,kg,0.7951,Scope 2
Transport,Bus,1564.25,kg,0.503,Scope 3
Energy,Coal,4638.14,kWh,0.5586,Scope 1
Transport,Bus,2481.66,kg,0.7712,Scope 2
Manufacturing,Cement,1211.44,kg,0.4584,Scope 2
Manufacturing,Cement,4706.12,kg,0.3318,Scope 3
Transport,Flight,4493.85,kg,0.2292,Scope 1
Waste,Recycling,1568.53,kg,0.0823,Scope 3
Transport,Flight,3509.88,kg,0.3355,Scope 2
Waste,Composting,3211.23,kg,0.3094,Scope 2
Energy,Natural Gas,2196.86,kWh,0.7212,Scope 1
Manufacturing,Aluminum,2512.43,kg,0.3981,Scope 2
Energy,Coal,3331.97,kWh,0.0516,Scope 3
Transport,Train,1047.63,kg,0.5354,Scope 2
Transport,Train,4552.1,kg,0.2425,Scope 3
Energy,Coal,3911.21,kWh,0.3482,Scope 2
Transport,Bus,591.9,kg,0.2325,Scope 1
Transport,Car,4683.07,kg,0.2055,Scope 2
Waste,Composting,604.9,kg,0.2267,Scope 1
Energy,Natural Gas,4682.05,kWh,0.0885,Scope 1
Manufacturing,Aluminum,4129.35,kg,0.7518,Scope 3
Waste,Composting,4848.96,kg,0.7622,Scope 2
Manufacturing,Aluminum,3542.18,kg,0.6691,Scope 2
Waste,Composting,1104.98,kg,0.7827,Scope 3
Transport,Flight,996.18,kg,0.3954,Scope 2
Energy,Coal,4295.37,kWh,0.0464,Scope 2
Transport,Car,2273.42,kg,0.2234,Scope 3
Manufacturing,Aluminum,252.67,kg,0.2638,Scope 2
Manufacturing,Steel,413.59,kg,0.1808,Scope 1
Manufacturing,Steel,2900.42,kg,0.416,Scope 1
Transport,Car,3111.25,kg,0.6094,Scope 1
Energy,Electricity,2586.14,kWh,0.7189,Scope 2
Waste,Recycling,630.22,kg,0.0494,Scope 3
Energy,Coal,478.04,kWh,0.789,Scope 3
Manufacturing,Cement,1310.07,kg,0.1976,Scope 1
Transport,Flight,166.97,kg,0.4095,Scope 1
Energy,Natural Gas,2266.21,kWh,0.2657,Scope 1
Energy,Natural Gas,3530.68,kWh,0.2962,Scope 1
Energy,Natural Gas,4591.78,kWh,0.6408,Scope 1
Transport,Bus,4111.74,kg,0.7849,Scope 1
Energy,Natural Gas,4899.81,kWh,0.5193,Scope 1
Waste,Landfill,4365.35,kg,0.5795,Scope 3
Waste,Recycling,4167.5,kg,0.5371,Scope 3
Manufacturing,Steel,4075.71,kg,0.2221,Scope 2
Waste,Recycling,3043.15,kg,0.3611,Scope 3
Waste,Landfill,4457.0,kg,0.4372,Scope 3
Waste,Landfill,1332.61,kg,0.1834,Scope 3
Energy,Natural Gas,2038.2,kWh,0.3703,Scope 2
Transport,Flight,4935.1,kg,0.4513,Scope 1
Transport,Train,517.64,kg,0.3261,Scope 3
Energy,Natural Gas,1997.19,kWh,0.4332,Scope 1
Energy,Electricity,898.28,kWh,0.3128,Scope 2
Waste,Composting,603.87,kg,0.2631,Scope 3
Manufacturing,Aluminum,88.47,kg,0.2901,Scope 3
Manufacturing,Aluminum,3677.99,kg,0.0469,Scope 1
Transport,Car,95.56,kg,0.5219,Scope 2
Waste,Landfill,1308.56,kg,0.3078,Scope 2
Waste,Landfill,2212.55,kg,0.5859,Scope 2
Waste,Composting,2776.93,kg,0.6292,Scope 3
Energy,Electricity,1053.9,kWh,0.7938,Scope 1
Waste,Composting,1836.36,kg,0.3052,Scope 2
Manufacturing,Steel,45.02,kg,0.632,Scope 1
Energy,Natural Gas,1023.11,kWh,0.5635,Scope 3
Energy,Coal,2647.27,kWh,0.5781,Scope 1
Manufacturing,Aluminum,4816.07,kg,0.3971,Scope 1
Waste,Recycling,3621.68,kg,0.1376,Scope 1
Energy,Electricity,1791.39,kWh,0.6368,Scope 2
Energy,Natural Gas,547.87,kWh,0.5074,Scope 2
Transport,Car,1026.09,kg,0.1175,Scope 3
Transport,Flight,3023.52,kg,0.2891,Scope 2
Energy,Electricity,2317.76,kWh,0.7401,Scope 1
Transport,Train,756.53,kg,0.6695,Scope 3
Waste,Landfill,4093.1,kg,0.2508,Scope 2
Transport,Bus,2250.36,kg,0.2488,Scope 1
Waste,Recycling,4517.13,kg,0.4268,Scope 3
Transport,Car,2462.9,kg,0.0363,Scope 3
Waste,Composting,4237.68,kg,0.5373,Scope 1
Waste,Composting,3616.17,kg,0.6512,Scope 3
Waste,Landfill,2557.67,kg,0.1175,Scope 3
Transport,Flight,1639.41,kg,0.7772,Scope 3
Waste,Composting,1867.54,kg,0.5734,Scope 3
Transport,Car,1204.02,kg,0.5333,Scope 2
Energy,Electricity,3134.65,kWh,0.1137,Scope 3
Energy,Coal,3906.49,kWh,0.0318,Scope 3
Transport,Flight,4344.32,kg,0.2147,Scope 3
Waste,Recycling,1057.34,kg,0.6019,Scope 3
Manufacturing,Steel,4609.16,kg,0.2021,Scope 2
Energy,Coal,4592.62,kWh,0.0043,Scope 3
Waste,Composting,431.1,kg,0.7086,Scope 2
Manufacturing,Steel,42.56,kg,0.1508,Scope 1
Transport,Flight,4048.14,kg,0.4088,Scope 3
Transport,Train,585.89,kg,0.5565,Scope 3
Waste,Recycling,3145.78,kg,0.7019,Scope 1
Energy,Electricity,1505.66,kWh,0.0188,Scope 1
Manufacturing,Cement,865.44,kg,0.7559,Scope 2
Transport,Car,2881.91,kg,0.3295,Scope 2
Manufacturing,Aluminum,475.58,kg,0.7455,Scope 2
Waste,Recycling,2780.6,kg,0.323,Scope 3
Energy,Natural Gas,2733.44,kWh,0.6706,Scope 3
Energy,Natural Gas,495.07,kWh,0.2762,Scope 1
Transport,Car,22.73,kg,0.7186,Scope 3
Energy,Coal,1872.18,kWh,0.3802,Scope 3
Manufacturing,Steel,380.24,kg,0.7682,Scope 1
Manufacturing,Steel,1674.52,kg,0.3939,Scope 2
Transport,Car,3389.78,kg,0.5611,Scope 1
Energy,Coal,2256.02,kWh,0.7192,Scope 1
Transport,Train,2852.49,kg,0.3842,Scope 2
Energy,Coal,219.85,kWh,0.5363,Scope 2
Transport,Flight,4982.89,kg,0.1214,Scope 1
Transport,Flight,1161.71,kg,0.5319,Scope 1
Manufacturing,Steel,1832.27,kg,0.3653,Scope 2
Manufacturing,Aluminum,2090.24,kg,0.2539,Scope 3
Waste,Landfill,1900.33,kg,0.179,Scope 3
Waste,Landfill,4799.75,kg,0.2663,Scope 2
Transport,Flight,3594.59,kg,0.0369,Scope 2
Manufacturing,Steel,4201.11,kg,0.5934,Scope 1
Waste,Composting,2895.81,kg,0.2209,Scope 2
Transport,Bus,2557.18,kg,0.7368,Scope 2
Manufacturing,Cement,4165.99,kg,0.1651,Scope 1
Waste,Recycling,4765.35,kg,0.5706,Scope 1
Transport,Car,1990.34,kg,0.295,Scope 2
Energy,Natural Gas,4462.05,kWh,0.1681,Scope 2
Manufacturing,Aluminum,691.64,kg,0.1718,Scope 1
Manufacturing,Steel,4216.73,kg,0.312,Scope 1
Transport,Train,2827.27,kg,0.3423,Scope 3
Manufacturing,Aluminum,4253.22,kg,0.5574,Scope 1
Energy,Natural Gas,876.29,kWh,0.5146,Scope 3
Waste,Landfill,299.71,kg,0.4097,Scope 2
Energy,Electricity,1533.17,kWh,0.0935,Scope 1
Waste,Recycling,2107.64,kg,0.5922,Scope 2
Manufacturing,Cement,4907.87,kg,0.5409,Scope 3
Transport,Bus,1230.49,kg,0.7633,Scope 1
Manufacturing,Cement,3186.25,kg,0.3561,Scope 2
Waste,Recycling,2407.02,kg,0.5958,Scope 2
Waste,Landfill,3260.44,kg,0.2218,Scope 1
Energy,Electricity,1214.09,kWh,0.628,Scope 1
Transport,Train,201.79,kg,0.7721,Scope 2
Waste,Composting,893.14,kg,0.6963,Scope 3
Energy,Natural Gas,458.26,kWh,0.0095,Scope 2
Manufacturing,Steel,1570.77,kg,0.2387,Scope 3
Transport,Bus,652.54,kg,0.772,Scope 3
Manufacturing,Cement,1372.25,kg,0.6613,Scope 2
Transport,Car,1846.75,kg,0.7953,Scope 2
Waste,Composting,3450.17,kg,0.4172,Scope 1
Transport,Bus,3949.05,kg,0.7664,Scope 3
Manufacturing,Cement,2757.14,kg,0.3572,Scope 2
Waste,Landfill,4408.38,kg,0.058,Scope 2
Waste,Composting,3018.99,kg,0.5403,Scope 3
Energy,Electricity,96.78,kWh,0.0738,Scope 1
Waste,Recycling,3170.63,kg,0.1663,Scope 3
Waste,Recycling,3696.27,kg,0.0662,Scope 1
Waste,Composting,1447.77,kg,0.08,Scope 1
Energy,Coal,997.85,kWh,0.3227,Scope 3
Manufacturing,Steel,4917.64,kg,0.7023,Scope 1
Manufacturing,Aluminum,2521.37,kg,0.6278,Scope 3
Manufacturing,Steel,1856.26,kg,0.3034,Scope 2
Transport,Bus,4493.41,kg,0.3084,Scope 1
Manufacturing,Steel,479.28,kg,0.3739,Scope 2
Manufacturing,Cement,4620.65,kg,0.2177,Scope 3
Waste,Recycling,1061.02,kg,0.3637,Scope 3
Transport,Bus,480.47,kg,0.1923,Scope 1
Transport,Train,261.02,kg,0.2544,Scope 2
Energy,Electricity,685.39,kWh,0.3615,Scope 2
Manufacturing,Cement,1250.58,kg,0.5065,Scope 1
Waste,Recycling,4550.33,kg,0.5873,Scope 2
Waste,Recycling,181.49,kg,0.6115,Scope 1
Waste,Composting,1334.06,kg,0.0242,Scope 3
Waste,Landfill,529.59,kg,0.4937,Scope 1
Transport,Train,2004.71,kg,0.7319,Scope 3
Transport,Train,3087.7,kg,0.3887,Scope 3
Manufacturing,Steel,3551.24,kg,0.1049,Scope 3
Transport,Bus,4868.43,kg,0.2274,Scope 3
Transport,Bus,665.01,kg,0.2361,Scope 2
Transport,Bus,707.3,kg,0.3845,Scope 3
Manufacturing,Aluminum,3226.19,kg,0.7449,Scope 2
Energy,Coal,626.28,kWh,0.6705,Scope 2
Waste,Recycling,1475.11,kg,0.5844,Scope 1
Transport,Car,551.86,kg,0.1663,Scope 1
Waste,Composting,4325.85,kg,0.1958,Scope 1
Manufacturing,Cement,98.57,kg,0.0943,Scope 2
Waste,Composting,141.39,kg,0.4671,Scope 2
Manufacturing,Steel,1659.14,kg,0.7514,Scope 2
Transport,Car,3444.55,kg,0.5266,Scope 2
Manufacturing,Steel,1317.05,kg,0.0933,Scope 1
Manufacturing,Aluminum,3612.74,kg,0.5674,Scope 3
Transport,Bus,3533.61,kg,0.1173,Scope 2
Energy,Coal,2861.08,kWh,0.6476,Scope 1
Energy,Coal,582.64,kWh,0.4507,Scope 1
Manufacturing,Cement,2592.99,kg,0.4936,Scope 3
Energy,Coal,1908.27,kWh,0.7706,Scope 1
Energy,Coal,2786.53,kWh,0.2143,Scope 2
Manufacturing,Cement,4173.98,kg,0.5483,Scope 3
Transport,Car,3615.55,kg,0.4481,Scope 3
Energy,Natural Gas,3690.45,kWh,0.1918,Scope 1
Waste,Composting,1187.61,kg,0.139,Scope 3
Energy,Natural Gas,1979.27,kWh,0.5083,Scope 2
Manufacturing,Steel,4284.48,kg,0.7669,Scope 3
Waste,Composting,2322.41,kg,0.1821,Scope 3
Energy,Coal,2949.72,kWh,0.1652,Scope 3
Waste,Composting,3923.75,kg,0.4529,Scope 1
Energy,Electricity,2774.57,kWh,0.0175,Scope 2
Energy,Coal,4510.27,kWh,0.2688,Scope 3
Transport,Car,3689.1,kg,0.2685,Scope 3
Waste,Recycling,4346.84,kg,0.6499,Scope 1
Energy,Natural Gas,4753.73,kWh,0.4516,Scope 1
Transport,Train,4999.87,kg,0.3419,Scope 3
Waste,Recycling,819.79,kg,0.3718,Scope 1
Waste,Composting,1492.96,kg,0.2539,Scope 1
Waste,Composting,3844.39,kg,0.3636,Scope 1
Waste,Composting,4092.46,kg,0.4467,Scope 3
Waste,Recycling,4295.65,kg,0.6007,Scope 2
Energy,Coal,170.4,kWh,0.2953,Scope 1
Energy,Natural Gas,97.42,kWh,0.1866,Scope 1
Energy,Natural Gas,4281.2,kWh,0.3427,Scope 2
Energy,Electricity,1597.61,kWh,0.0873,Scope 1
Manufacturing,Cement,4143.45,kg,0.032,Scope 3
Waste,Composting,1185.27,kg,0.4177,Scope 1
Manufacturing,Steel,1749.21,kg,0.5518,Scope 1
Manufacturing,Aluminum,4621.15,kg,0.5864,Scope 1
Energy,Electricity,2994.8,kWh,0.1887,Scope 1
Transport,Train,4096.33,kg,0.4178,Scope 1
Manufacturing,Aluminum,3680.75,kg,0.6867,Scope 1
Energy,Coal,3177.97,kWh,0.6562,Scope 3
Manufacturing,Steel,4987.6,kg,0.7737,Scope 3
Transport,Car,330.52,kg,0.3435,Scope 3
Energy,Coal,836.15,kWh,0.3933,Scope 1
Energy,Coal,1909.46,kWh,0.6085,Scope 1
Waste,Composting,77.05,kg,0.345,Scope 3
Waste,Composting,1426.06,kg,0.3605,Scope 2
Energy,Natural Gas,4828.3,kWh,0.4066,Scope 1
Energy,Coal,4780.87,kWh,0.4062,Scope 3
Transport,Flight,179.68,kg,0.354,Scope 3
Manufacturing,Cement,728.37,kg,0.7079,Scope 1
Energy,Electricity,4715.04,kWh,0.3037,Scope 2
Manufacturing,Aluminum,654.55,kg,0.2806,Scope 2
Manufacturing,Steel,4604.62,kg,0.112,Scope 3
Waste,Composting,2413.96,kg,0.3213,Scope 3
Manufacturing,Steel,2893.87,kg,0.3115,Scope 1
Energy,Coal,4772.73,kWh,0.057,Scope 3
Waste,Landfill,2942.64,kg,0.7192,Scope 1
Energy,Electricity,1740.58,kWh,0.0593,Scope 2
Energy,Coal,4235.69,kWh,0.2551,Scope 1
Transport,Train,2998.78,kg,0.1205,Scope 1
Waste,Landfill,2370.45,kg,0.2226,Scope 3
Waste,Composting,565.69,kg,0.1252,Scope 1
Transport,Train,4449.08,kg,0.0077,Scope 3
Manufacturing,Aluminum,3128.81,kg,0.5105,Scope 3
Energy,Coal,191.34,kWh,0.4227,Scope 3
Manufacturing,Steel,2461.05,kg,0.1239,Scope 2
Energy,Natural Gas,4636.51,kWh,0.5704,Scope 1
Energy,Coal,4542.8,kWh,0.3512,Scope 3
Waste,Recycling,1974.44,kg,0.5734,Scope 3
Manufacturing,Cement,3033.49,kg,0.632,Scope 2
Energy,Natural Gas,2700.14,kWh,0.3956,Scope 2
Manufacturing,Cement,4597.84,kg,0.3132,Scope 1
Waste,Recycling,1396.48,kg,0.5781,Scope 3
Manufacturing,Steel,929.83,kg,0.0972,Scope 3
Energy,Coal,4267.18,kWh,0.5261,Scope 1
Manufacturing,Aluminum,3761.63,kg,0.5725,Scope 3
Transport,Flight,508.39,kg,0.3356,Scope 1
Manufacturing,Cement,812.41,kg,0.5318,Scope 1
Manufacturing,Steel,1233.66,kg,0.2196,Scope 2
Waste,Recycling,1382.63,kg,0.1205,Scope 1
Waste,Composting,4256.7,kg,0.0535,Scope 2
Energy,Coal,1321.09,kWh,0.7429,Scope 1
Transport,Flight,2073.37,kg,0.5757,Scope 1
Energy,Natural Gas,3818.89,kWh,0.3352,Scope 2
Transport,Bus,4274.99,kg,0.6948,Scope 3
Energy,Electricity,175.22,kWh,0.2344,Scope 2
Energy,Natural Gas,1677.89,kWh,0.4564,Scope 3
Energy,Coal,2361.42,kWh,0.7161,Scope 1
Waste,Recycling,50.35,kg,0.1083,Scope 3
Energy,Coal,933.05,kWh,0.2116,Scope 2
Manufacturing,Steel,3266.94,kg,0.2724,Scope 2
Manufacturing,Aluminum,46.74,kg,0.7128,Scope 1
Manufacturing,Cement,4232.54,kg,0.2398,Scope 2
Waste,Landfill,3411.72,kg,0.6985,Scope 2
Manufacturing,Aluminum,1589.74,kg,0.6263,Scope 1
Waste,Landfill,4206.42,kg,0.6226,Scope 3
Waste,Recycling,2018.8,kg,0.2502,Scope 1
Energy,Coal,940.91,kWh,0.2157,Scope 3
Transport,Train,553.54,kg,0.316,Scope 2
Transport,Flight,404.69,kg,0.3789,Scope 1
Waste,Landfill,2678.37,kg,0.7274,Scope 3
Manufacturing,Cement,1090.77,kg,0.0349,Scope 1
Energy,Coal,4631.84,kWh,0.2314,Scope 1
Waste,Composting,503.01,kg,0.3822,Scope 1
Energy,Coal,1796.77,kWh,0.0099,Scope 1
Manufacturing,Cement,4637.13,kg,0.7974,Scope 1
Transport,Train,1082.57,kg,0.4818,Scope 1
Manufacturing,Cement,3558.11,kg,0.2814,Scope 3
Transport,Car,3716.94,kg,0.2782,Scope 1
Manufacturing,Aluminum,2114.93,kg,0.3422,Scope 2
Transport,Car,4753.31,kg,0.2381,Scope 2
Energy,Natural Gas,637.58,kWh,0.7374,Scope 2
Transport,Train,4695.55,kg,0.4074,Scope 3
Manufacturing,Aluminum,882.45,kg,0.0187,Scope 3
Manufacturing,Cement,3636.13,kg,0.242,Scope 2
Transport,Flight,2628.35,kg,0.4718,Scope 1
Energy,Electricity,3912.83,kWh,0.0658,Scope 1
Energy,Coal,624.52,kWh,0.5732,Scope 1
Waste,Recycling,1954.32,kg,0.2306,Scope 2
Energy,Natural Gas,4277.86,kWh,0.4502,Scope 1
Waste,Recycling,4151.49,kg,0.6772,Scope 1
Manufacturing,Steel,4592.08,kg,0.0147,Scope 3
Transport,Flight,1039.39,kg,0.6896,Scope 1
Energy,Natural Gas,4240.82,kWh,0.5494,Scope 3
Waste,Composting,744.57,kg,0.0536,Scope 2
Waste,Landfill,4312.2,kg,0.6829,Scope 1
Transport,Flight,3284.37,kg,0.6425,Scope 1
Energy,Coal,3732.81,kWh,0.4992,Scope 1
Transport,Flight,43.12,kg,0.6147,Scope 1
Transport,Flight,1967.94,kg,0.0416,Scope 3
Waste,Landfill,3192.64,kg,0.7412,Scope 2
Waste,Landfill,1018.85,kg,0.4068,Scope 2
Waste,Recycling,2262.35,kg,0.153,Scope 2
Waste,Composting,4313.06,kg,0.701,Scope 3
Energy,Electricity,2768.03,kWh,0.4085,Scope 3
Manufacturing,Cement,3997.01,kg,0.452,Scope 3
Transport,Car,4250.0,kg,0.5629,Scope 2
Manufacturing,Steel,1901.37,kg,0.1496,Scope 1
Waste,Recycling,727.04,kg,0.4552,Scope 3
Manufacturing,Cement,2829.12,kg,0.58,Scope 3
Manufacturing,Aluminum,3090.34,kg,0.2768,Scope 1
Transport,Bus,4910.61,kg,0.2049,Scope 1
Energy,Coal,2017.29,kWh,0.779,Scope 1
Transport,Flight,3867.94,kg,0.2315,Scope 1
Transport,Car,3592.43,kg,0.5598,Scope 1
Transport,Car,2924.14,kg,0.5787,Scope 3
Transport,Car,302.75,kg,0.1504,Scope 1
Waste,Composting,593.49,kg,0.3734,Scope 3
Waste,Landfill,1463.75,kg,0.0879,Scope 2
Manufacturing,Aluminum,3080.02,kg,0.2988,Scope 2
Transport,Car,14.98,kg,0.5979,Scope 1
Manufacturing,Steel,1380.32,kg,0.4662,Scope 3
Energy,Electricity,514.75,kWh,0.5563,Scope 3
Transport,Train,422.34,kg,0.3217,Scope 1
Waste,Landfill,3354.49,kg,0.5942,Scope 1
Transport,Flight,3900.39,kg,0.3862,Scope 3
Transport,Bus,2050.98,kg,0.6417,Scope 3
Manufacturing,Cement,2235.37,kg,0.2367,Scope 3
Manufacturing,Aluminum,899.87,kg,0.4058,Scope 1
Transport,Car,1759.4,kg,0.69,Scope 1
Manufacturing,Cement,3241.65,kg,0.6895,Scope 3
Manufacturing,Cement,3799.97,kg,0.0328,Scope 1
Manufacturing,Steel,2131.11,kg,0.6486,Scope 2
Manufacturing,Cement,1171.26,kg,0.3712,Scope 1
Transport,Bus,1982.63,kg,0.2113,Scope 2
Transport,Car,3707.84,kg,0.6658,Scope 2
Waste,Landfill,3550.51,kg,0.1193,Scope 3
Manufacturing,Aluminum,799.87,kg,0.0789,Scope 1
Manufacturing,Cement,17.35,kg,0.1104,Scope 1
Energy,Electricity,556.74,kWh,0.4376,Scope 2
Energy,Natural Gas,1425.22,kWh,0.3844,Scope 2
Energy,Natural Gas,4353.5,kWh,0.4755,Scope 3
Energy,Electricity,3116.6,kWh,0.3343,Scope 1
Energy,Natural Gas,787.61,kWh,0.2501,Scope 3
Manufacturing,Aluminum,2280.14,kg,0.7858,Scope 2
Energy,Electricity,3552.31,kWh,0.3111,Scope 3
Waste,Composting,2553.29,kg,0.4684,Scope 1
Energy,Electricity,104.31,kWh,0.3376,Scope 3
Waste,Landfill,4742.14,kg,0.7778,Scope 1
Manufacturing,Steel,1447.08,kg,0.25,Scope 1
Energy,Coal,3545.14,kWh,0.18,Scope 3
Transport,Car,3149.62,kg,0.7062,Scope 1
Waste,Composting,2567.4,kg,0.4827,Scope 3
Energy,Natural Gas,3396.45,kWh,0.2074,Scope 2
Transport,Bus,3660.43,kg,0.0225,Scope 2
Manufacturing,Aluminum,2630.31,kg,0.0368,Scope 1
Manufacturing,Cement,4244.03,kg,0.609,Scope 2
Waste,Recycling,4889.09,kg,0.725,Scope 2
Transport,Flight,381.12,kg,0.5166,Scope 3
Manufacturing,Aluminum,4747.93,kg,0.4253,Scope 2
Transport,Bus,1202.06,kg,0.6459,Scope 3
Transport,Flight,811.68,kg,0.1962,Scope 3
Manufacturing,Steel,2161.09,kg,0.2984,Scope 3
Transport,Flight,3829.05,kg,0.3593,Scope 1
Transport,Bus,765.68,kg,0.2699,Scope 3
Manufacturing,Steel,4488.1,kg,0.3241,Scope 2
Energy,Natural Gas,3695.66,kWh,0.653,Scope 3
Transport,Flight,1397.0,kg,0.0254,Scope 2
Manufacturing,Steel,318.37,kg,0.0513,Scope 3
Manufacturing,Steel,2058.34,kg,0.147,Scope 3
Energy,Coal,3127.18,kWh,0.7626,Scope 3
Manufacturing,Steel,1567.68,kg,0.6718,Scope 3
Energy,Natural Gas,372.99,kWh,0.3201,Scope 1
Energy,Coal,3275.71,kWh,0.44,Scope 1
Transport,Bus,479.62,kg,0.6173,Scope 3
Waste,Recycling,1800.64,kg,0.3487,Scope 3
Energy,Coal,4398.77,kWh,0.5466,Scope 2
Waste,Composting,1425.04,kg,0.5423,Scope 3
Energy,Natural Gas,2059.59,kWh,0.7544,Scope 2
Transport,Flight,1251.88,kg,0.6816,Scope 2
Manufacturing,Aluminum,4062.69,kg,0.7943,Scope 3
Transport,Car,4711.08,kg,0.0413,Scope 3
Transport,Car,1626.37,kg,0.4363,Scope 2
Manufacturing,Steel,3562.29,kg,0.3753,Scope 3
Manufacturing,Steel,3748.78,kg,0.3419,Scope 2
Transport,Flight,3206.14,kg,0.676,Scope 1
Manufacturing,Cement,1103.27,kg,0.5045,Scope 3
Transport,Bus,3111.38,kg,0.2884,Scope 1
Waste,Landfill,1933.38,kg,0.2045,Scope 1
Manufacturing,Aluminum,2269.76,kg,0.1449,Scope 2
Manufacturing,Cement,4126.74,kg,0.7308,Scope 1
Waste,Recycling,1445.96,kg,0.6053,Scope 1
Transport,Train,3963.65,kg,0.1563,Scope 3
Energy,Coal,4585.16,kWh,0.1714,Scope 1
Manufacturing,Aluminum,979.54,kg,0.4782,Scope 2
Manufacturing,Aluminum,2564.51,kg,0.5996,Scope 3
Energy,Electricity,1823.36,kWh,0.0679,Scope 3
Energy,Natural Gas,3762.15,kWh,0.1564,Scope 1
Waste,Recycling,4522.49,kg,0.3095,Scope 1
Transport,Flight,1225.58,kg,0.5798,Scope 1
Energy,Electricity,1580.95,kWh,0.1201,Scope 3
Transport,Car,1576.49,kg,0.6414,Scope 1
Energy,Electricity,1838.16,kWh,0.108,Scope 3
Waste,Composting,579.74,kg,0.5358,Scope 3
Transport,Bus,879.91,kg,0.6972,Scope 2
Manufacturing,Steel,241.1,kg,0.7233,Scope 1
Waste,Recycling,3155.86,kg,0.2657,Scope 3
Manufacturing,Steel,893.81,kg,0.7054,Scope 2
Transport,Bus,1614.27,kg,0.6273,Scope 2
Manufacturing,Aluminum,2872.54,kg,0.2048,Scope 2
Transport,Flight,1883.47,kg,0.3041,Scope 3
Waste,Composting,429.33,kg,0.125,Scope 3
Energy,Natural Gas,3799.32,kWh,0.776,Scope 3
Manufacturing,Cement,345.74,kg,0.0943,Scope 3
Transport,Flight,330.61,kg,0.6504,Scope 3
Waste,Composting,1187.46,kg,0.7279,Scope 3
Energy,Coal,2539.89,kWh,0.3631,Scope 1
Energy,Coal,2689.16,kWh,0.253,Scope 1
Transport,Bus,4220.78,kg,0.5611,Scope 1
Transport,Flight,641.49,kg,0.4844,Scope 3
Manufacturing,Cement,3470.52,kg,0.4378,Scope 1
Energy,Electricity,1037.8,kWh,0.5749,Scope 1
Energy,Coal,4468.42,kWh,0.6918,Scope 2
Manufacturing,Aluminum,2589.06,kg,0.7449,Scope 1
Manufacturing,Steel,2989.51,kg,0.327,Scope 3
Energy,Natural Gas,4222.98,kWh,0.6005,Scope 1
Manufacturing,Aluminum,1183.68,kg,0.6625,Scope 3
Waste,Recycling,1970.37,kg,0.0683,Scope 3
Manufacturing,Cement,1008.08,kg,0.6311,Scope 2
Manufacturing,Aluminum,4195.59,kg,0.5674,Scope 2
Transport,Bus,3935.68,kg,0.2746,Scope 2
Waste,Landfill,1194.01,kg,0.7305,Scope 2
Energy,Electricity,1966.99,kWh,0.1234,Scope 2
Manufacturing,Steel,3366.17,kg,0.7984,Scope 3
Transport,Train,4799.44,kg,0.4906,Scope 2
Manufacturing,Aluminum,3519.68,kg,0.4421,Scope 3
Energy,Electricity,1149.72,kWh,0.7857,Scope 3
Waste,Composting,2662.32,kg,0.6484,Scope 3
Waste,Recycling,2707.6,kg,0.613,Scope 2
Energy,Electricity,3351.23,kWh,0.4877,Scope 3
Energy,Coal,4875.14,kWh,0.1325,Scope 3
Transport,Car,2382.33,kg,0.1925,Scope 2
Energy,Coal,1283.4,kWh,0.6289,Scope 2
Transport,Bus,209.76,kg,0.4833,Scope 2
Manufacturing,Aluminum,66.54,kg,0.701,Scope 2
Transport,Flight,3708.78,kg,0.4442,Scope 3
Transport,Flight,2854.47,kg,0.6862,Scope 3
Energy,Electricity,2102.42,kWh,0.2722,Scope 2
Energy,Electricity,1945.87,kWh,0.0319,Scope 2
Transport,Car,2609.51,kg,0.029,Scope 2
Transport,Flight,3009.57,kg,0.3655,Scope 2
Manufacturing,Cement,418.24,kg,0.4041,Scope 3
Energy,Electricity,3974.3,kWh,0.4136,Scope 3
Waste,Recycling,2580.48,kg,0.512,Scope 1
Manufacturing,Cement,4440.1,kg,0.1326,Scope 2
Energy,Electricity,2668.82,kWh,0.2297,Scope 1
Energy,Electricity,1655.9,kWh,0.4469,Scope 2
Waste,Composting,4915.93,kg,0.3774,Scope 1
Manufacturing,Aluminum,1913.37,kg,0.0382,Scope 1
Manufacturing,Cement,2872.64,kg,0.4213,Scope 1
Energy,Natural Gas,4859.64,kWh,0.6841,Scope 2
Transport,Flight,1640.05,kg,0.3623,Scope 2
Manufacturing,Steel,3099.34,kg,0.6128,Scope 2
Waste,Composting,4846.55,kg,0.0401,Scope 1
Transport,Car,487.53,kg,0.5448,Scope 1
Waste,Recycling,202.82,kg,0.3296,Scope 3
Transport,Train,195.11,kg,0.3547,Scope 2
Energy,Coal,426.74,kWh,0.0766,Scope 2
Transport,Car,3485.33,kg,0.1223,Scope 3
Energy,Natural Gas,2103.65,kWh,0.5879,Scope 1
Manufacturing,Cement,1638.5,kg,0.5416,Scope 1
Waste,Recycling,2681.09,kg,0.0989,Scope 2
Waste,Landfill,1148.3,kg,0.2633,Scope 2
Manufacturing,Cement,227.57,kg,0.2455,Scope 2
Transport,Flight,707.54,kg,0.3942,Scope 3
Energy,Coal,1168.03,kWh,0.5208,Scope 2
Manufacturing,Cement,777.68,kg,0.6307,Scope 2
Energy,Electricity,2347.9,kWh,0.1437,Scope 2
Transport,Car,339.83,kg,0.1478,Scope 2
Transport,Bus,856.56,kg,0.591,Scope 1
Waste,Landfill,14.27,kg,0.6343,Scope 1
Waste,Recycling,498.94,kg,0.6654,Scope 1
Waste,Recycling,4145.26,kg,0.3342,Scope 1
Manufacturing,Steel,187.07,kg,0.0838,Scope 2
Waste,Composting,4038.16,kg,0.1222,Scope 3
Transport,Train,3119.51,kg,0.2658,Scope 3
Waste,Composting,780.93,kg,0.3106,Scope 2
Transport,Car,1200.72,kg,0.7301,Scope 2
Waste,Landfill,3318.25,kg,0.3455,Scope 3
Transport,Flight,77.18,kg,0.163,Scope 3
Waste,Recycling,4080.11,kg,0.0218,Scope 3
Energy,Natural Gas,4688.65,kWh,0.7314,Scope 3
Transport,Train,996.75,kg,0.0412,Scope 3
Energy,Electricity,1358.92,kWh,0.0562,Scope 1
Waste,Landfill,3244.35,kg,0.449,Scope 3
Waste,Composting,1611.17,kg,0.401,Scope 1
Transport,Car,967.08,kg,0.4859,Scope 1
Energy,Electricity,1264.07,kWh,0.3485,Scope 1
Energy,Coal,1163.39,kWh,0.6169,Scope 3
Transport,Bus,1292.84,kg,0.1149,Scope 2
Manufacturing,Steel,1445.8,kg,0.1868,Scope 3
Waste,Landfill,805.94,kg,0.6498,Scope 1
Waste,Landfill,888.13,kg,0.4376,Scope 3
Energy,Electricity,3923.2,kWh,0.2608,Scope 2
Transport,Flight,4436.18,kg,0.3428,Scope 1
Energy,Natural Gas,3246.95,kWh,0.3904,Scope 1
Transport,Train,376.98,kg,0.427,Scope 2
Transport,Train,611.15,kg,0.3076,Scope 2
Energy,Electricity,4307.37,kWh,0.2661,Scope 2
Waste,Recycling,947.92,kg,0.7811,Scope 1
Transport,Train,871.71,kg,0.3036,Scope 2
Waste,Recycling,3663.81,kg,0.3329,Scope 3
Manufacturing,Cement,4608.52,kg,0.4856,Scope 2
Waste,Composting,1917.91,kg,0.0794,Scope 3
Transport,Bus,584.96,kg,0.6486,Scope 3
Transport,Train,2073.71,kg,0.0983,Scope 1
Waste,Recycling,300.2,kg,0.6803,Scope 2
Transport,Flight,3359.9,kg,0.462,Scope 1
Energy,Coal,4161.27,kWh,0.0802,Scope 2
Waste,Recycling,1022.83,kg,0.7291,Scope 2
Manufacturing,Cement,643.67,kg,0.629,Scope 1
Waste,Composting,1536.45,kg,0.1389,Scope 1
Energy,Coal,797.96,kWh,0.0127,Scope 3
Transport,Flight,311.61,kg,0.2234,Scope 3
Energy,Coal,4940.61,kWh,0.6139,Scope 3
Transport,Flight,3832.59,kg,0.1821,Scope 3
Manufacturing,Steel,3551.18,kg,0.4669,Scope 1
Energy,Electricity,363.95,kWh,0.3912,Scope 2
Energy,Electricity,4079.26,kWh,0.5561,Scope 3
Manufacturing,Cement,2537.89,kg,0.1206,Scope 2
Waste,Recycling,1644.67,kg,0.3806,Scope 1
Energy,Coal,2905.31,kWh,0.4439,Scope 1
Energy,Coal,1565.64,kWh,0.16,Scope 3
Energy,Electricity,2196.2,kWh,0.3027,Scope 1
Waste,Composting,1462.21,kg,0.6881,Scope 1
Manufacturing,Cement,980.65,kg,0.3089,Scope 3
Waste,Composting,421.2,kg,0.65,Scope 3
Waste,Composting,2345.06,kg,0.2245,Scope 3
Transport,Train,1888.01,kg,0.1244,Scope 3
Waste,Composting,3962.95,kg,0.7393,Scope 2
Transport,Car,4459.12,kg,0.6649,Scope 1
Transport,Train,3651.27,kg,0.7438,Scope 1
Waste,Landfill,225.23,kg,0.558,Scope 1
Waste,Landfill,3483.14,kg,0.078,Scope 1
Transport,Car,1055.42,kg,0.5204,Scope 1
Transport,Car,488.74,kg,0.3349,Scope 3
Manufacturing,Aluminum,3728.82,kg,0.1334,Scope 2
Manufacturing,Steel,230.04,kg,0.0417,Scope 1
Energy,Natural Gas,1440.68,kWh,0.6345,Scope 1
Manufacturing,Cement,232.88,kg,0.4435,Scope 1
Waste,Composting,4489.18,kg,0.4896,Scope 2
Waste,Composting,1849.16,kg,0.3994,Scope 3
Energy,Natural Gas,3136.19,kWh,0.4632,Scope 1
Transport,Car,3423.49,kg,0.7488,Scope 1
Energy,Electricity,4587.1,kWh,0.4541,Scope 2
Manufacturing,Aluminum,4014.02,kg,0.0959,Scope 1
Transport,Bus,306.34,kg,0.2942,Scope 1
Transport,Train,4949.43,kg,0.5994,Scope 3
Transport,Train,1323.1,kg,0.4899,Scope 1
Transport,Train,3189.08,kg,0.2481,Scope 2
Energy,Coal,661.86,kWh,0.0875,Scope 2
Energy,Coal,1647.54,kWh,0.662,Scope 1
Waste,Landfill,3306.61,kg,0.3893,Scope 1
Transport,Train,1482.82,kg,0.1432,Scope 2
Energy,Electricity,1268.05,kWh,0.6923,Scope 1
Manufacturing,Aluminum,4140.03,kg,0.1695,Scope 3
Manufacturing,Steel,1311.2,kg,0.728,Scope 3
Waste,Composting,1746.81,kg,0.652,Scope 2
Energy,Natural Gas,2434.51,kWh,0.2602,Scope 2
Waste,Recycling,2987.87,kg,0.5301,Scope 1
Transport,Train,4031.58,kg,0.654,Scope 3
Manufacturing,Aluminum,4203.58,kg,0.2378,Scope 3
Energy,Coal,1416.84,kWh,0.2387,Scope 3
Manufacturing,Cement,2436.1,kg,0.5354,Scope 2
Energy,Coal,1745.95,kWh,0.1534,Scope 2
Waste,Landfill,3806.98,kg,0.1722,Scope 3
Energy,Coal,4173.91,kWh,0.7473,Scope 1
Waste,Recycling,1676.11,kg,0.458,Scope 2
Manufacturing,Aluminum,4974.05,kg,0.7854,Scope 1
Transport,Bus,4711.57,kg,0.5135,Scope 1
Waste,Recycling,4741.01,kg,0.3793,Scope 3
Waste,Composting,4005.55,kg,0.5843,Scope 3
Waste,Composting,1842.41,kg,0.1711,Scope 3
Waste,Landfill,2715.99,kg,0.3748,Scope 1
Waste,Composting,1034.99,kg,0.4873,Scope 1
Manufacturing,Cement,3157.54,kg,0.6717,Scope 3
Transport,Bus,2538.42,kg,0.3512,Scope 1
Waste,Recycling,3491.31,kg,0.0175,Scope 1
Transport,Car,1839.71,kg,0.4687,Scope 2
Waste,Recycling,4408.43,kg,0.4798,Scope 1
Waste,Landfill,3129.79,kg,0.4367,Scope 3
Manufacturing,Aluminum,4037.37,kg,0.7813,Scope 2
Manufacturing,Steel,3199.17,kg,0.6627,Scope 3
Transport,Train,4253.74,kg,0.2937,Scope 3
Waste,Landfill,358.95,kg,0.4396,Scope 3
Energy,Coal,1958.53,kWh,0.4543,Scope 3
Waste,Landfill,206.96,kg,0.3347,Scope 2
Energy,Natural Gas,3229.5,kWh,0.6121,Scope 3
Waste,Landfill,4887.42,kg,0.264,Scope 1
Manufacturing,Cement,2735.65,kg,0.7737,Scope 1
Waste,Composting,3601.43,kg,0.4301,Scope 1
Waste,Composting,1850.71,kg,0.1444,Scope 1
Transport,Flight,3707.6,kg,0.1487,Scope 3
Manufacturing,Steel,356.46,kg,0.1491,Scope 3
Manufacturing,Steel,3969.43,kg,0.6043,Scope 1
Waste,Composting,2643.15,kg,0.5434,Scope 1
Manufacturing,Steel,1546.14,kg,0.5679,Scope 1
Manufacturing,Steel,2252.8,kg,0.1548,Scope 3
Transport,Car,4127.77,kg,0.0837,Scope 3
Waste,Composting,2038.94,kg,0.4954,Scope 2
Energy,Natural Gas,228.7,kWh,0.765,Scope 2
Energy,Natural Gas,3246.69,kWh,0.4912,Scope 2
Manufacturing,Cement,1934.42,kg,0.096,Scope 2
Manufacturing,Aluminum,563.75,kg,0.1354,Scope 2
Waste,Landfill,2397.2,kg,0.2495,Scope 3
Waste,Composting,2064.55,kg,0.2563,Scope 2
Waste,Recycling,1637.73,kg,0.507,Scope 1
Transport,Flight,2388.25,kg,0.4088,Scope 1
Energy,Electricity,121.18,kWh,0.2155,Scope 3
Waste,Landfill,556.53,kg,0.3041,Scope 2
Manufacturing,Cement,584.25,kg,0.0194,Scope 2
Energy,Coal,2606.42,kWh,0.2604,Scope 3
Manufacturing,Cement,2147.23,kg,0.7179,Scope 1
Waste,Recycling,4008.92,kg,0.5559,Scope 1
Waste,Composting,3683.84,kg,0.774,Scope 3
Waste,Landfill,3000.51,kg,0.0406,Scope 2
Transport,Car,4812.84,kg,0.3897,Scope 2
Energy,Coal,4071.9,kWh,0.7089,Scope 3
Energy,Electricity,2317.27,kWh,0.7341,Scope 2
Energy,Electricity,2025.15,kWh,0.5133,Scope 1
Waste,Landfill,2480.12,kg,0.4597,Scope 3
Transport,Train,1296.68,kg,0.4352,Scope 2
Transport,Train,2633.42,kg,0.5267,Scope 1
Transport,Bus,3461.38,kg,0.7788,Scope 1
Transport,Train,4827.61,kg,0.6626,Scope 3
Transport,Car,1457.23,kg,0.0318,Scope 3
Manufacturing,Cement,359.73,kg,0.6982,Scope 1
Transport,Car,4305.09,kg,0.2876,Scope 1
Transport,Flight,591.22,kg,0.3694,Scope 3
Energy,Natural Gas,1797.95,kWh,0.669,Scope 3
Manufacturing,Cement,4189.02,kg,0.2795,Scope 2
Energy,Coal,1438.43,kWh,0.7721,Scope 1
Transport,Train,2914.38,kg,0.4491,Scope 2
Manufacturing,Aluminum,1677.11,kg,0.7573,Scope 1
Waste,Composting,2857.55,kg,0.0347,Scope 1
Waste,Landfill,3082.56,kg,0.4188,Scope 1
Manufacturing,Aluminum,3929.57,kg,0.5565,Scope 2
Manufacturing,Aluminum,4162.54,kg,0.5806,Scope 2
Manufacturing,Cement,1392.09,kg,0.3427,Scope 3
Manufacturing,Cement,1917.9,kg,0.2124,Scope 3
Transport,Train,510.06,kg,0.4882,Scope 1
Transport,Car,3507.92,kg,0.6443,Scope 1
Waste,Composting,4267.84,kg,0.6424,Scope 3
Waste,Composting,2855.98,kg,0.4591,Scope 2
Energy,Coal,1712.44,kWh,0.5619,Scope 2
Energy,Coal,1699.2,kWh,0.4179,Scope 1
Waste,Composting,3991.57,kg,0.298,Scope 3
Waste,Landfill,1232.43,kg,0.624,Scope 2
Manufacturing,Aluminum,3550.73,kg,0.4307,Scope 2
Manufacturing,Cement,1733.09,kg,0.7444,Scope 3
Manufacturing,Cement,3190.66,kg,0.4034,Scope 3
Transport,Flight,787.61,kg,0.7426,Scope 2
Energy,Natural Gas,3505.95,kWh,0.1881,Scope 1
Energy,Electricity,352.09,kWh,0.5604,Scope 2
Waste,Composting,3717.97,kg,0.7605,Scope 2
Transport,Train,2791.5,kg,0.0076,Scope 2
Manufacturing,Cement,2259.79,kg,0.0785,Scope 1
Energy,Coal,2888.02,kWh,0.1194,Scope 2
Manufacturing,Aluminum,2805.43,kg,0.0468,Scope 3
Energy,Electricity,1105.15,kWh,0.1488,Scope 2
Transport,Train,2934.75,kg,0.6447,Scope 3
Manufacturing,Steel,1103.21,kg,0.2596,Scope 2
Waste,Recycling,2972.46,kg,0.6211,Scope 3
Transport,Train,3240.14,kg,0.7505,Scope 2
Waste,Composting,4835.03,kg,0.0042,Scope 2
Energy,Coal,2184.07,kWh,0.7143,Scope 3
Manufacturing,Steel,4904.51,kg,0.7949,Scope 3
Manufacturing,Aluminum,4182.75,kg,0.0601,Scope 2
Manufacturing,Aluminum,1136.36,kg,0.0462,Scope 1
Manufacturing,Aluminum,3562.84,kg,0.3859,Scope 1
Waste,Composting,4435.85,kg,0.6487,Scope 3
Manufacturing,Aluminum,4326.55,kg,0.2255,Scope 2
Manufacturing,Steel,678.87,kg,0.0631,Scope 3
Manufacturing,Cement,3388.08,kg,0.4147,Scope 1
Waste,Recycling,3337.14,kg,0.1401,Scope 1
Manufacturing,Aluminum,2829.2,kg,0.3088,Scope 1
Waste,Landfill,1219.39,kg,0.7196,Scope 3
Transport,Train,1726.6,kg,0.2186,Scope 1
Waste,Recycling,183.35,kg,0.5488,Scope 3
Transport,Bus,2442.97,kg,0.0723,Scope 1
Transport,Bus,2552.07,kg,0.0192,Scope 3
Waste,Composting,3880.75,kg,0.5639,Scope 2
Energy,Natural Gas,2738.44,kWh,0.559,Scope 3
Energy,Electricity,1427.4,kWh,0.763,Scope 2
Manufacturing,Steel,3051.64,kg,0.0726,Scope 3
Manufacturing,Cement,896.72,kg,0.2874,Scope 3
Manufacturing,Aluminum,1450.95,kg,0.6077,Scope 1
Transport,Car,3416.63,kg,0.4789,Scope 1
Transport,Flight,1748.8,kg,0.7966,Scope 2
Transport,Flight,2804.62,kg,0.5707,Scope 2
Energy,Coal,3269.0,kWh,0.2746,Scope 3
Manufacturing,Aluminum,3682.61,kg,0.5974,Scope 3
Transport,Flight,753.31,kg,0.5952,Scope 3
Manufacturing,Cement,44.22,kg,0.579,Scope 3
Energy,Coal,3103.78,kWh,0.6151,Scope 3
Manufacturing,Steel,2656.45,kg,0.0338,Scope 1
Energy,Coal,1942.24,kWh,0.6479,Scope 1
Waste,Landfill,1244.89,kg,0.2775,Scope 3
Manufacturing,Aluminum,4833.69,kg,0.7891,Scope 1
Transport,Bus,330.21,kg,0.7902,Scope 2
Manufacturing,Cement,4458.67,kg,0.5488,Scope 3
Manufacturing,Cement,496.05,kg,0.1174,Scope 2
Energy,Electricity,150.51,kWh,0.6584,Scope 3
Waste,Landfill,3026.83,kg,0.0405,Scope 2
Energy,Electricity,2330.89,kWh,0.0894,Scope 3
Manufacturing,Steel,4285.07,kg,0.0353,Scope 3
Manufacturing,Cement,2809.05,kg,0.5288,Scope 3
Energy,Coal,4702.06,kWh,0.1996,Scope 2
Manufacturing,Aluminum,534.28,kg,0.4334,Scope 2
Energy,Electricity,400.79,kWh,0.7926,Scope 2
Energy,Coal,766.07,kWh,0.5848,Scope 3
Waste,Recycling,1811.67,kg,0.7839,Scope 3
Transport,Bus,2507.55,kg,0.6495,Scope 3
Transport,Car,4966.91,kg,0.7402,Scope 1
Transport,Flight,4611.77,kg,0.2479,Scope 3
Energy,Coal,4070.72,kWh,0.2731,Scope 3
Waste,Composting,3245.03,kg,0.1941,Scope 2
Transport,Train,1484.66,kg,0.705,Scope 1
Manufacturing,Cement,3184.77,kg,0.1194,Scope 1
Waste,Composting,2721.86,kg,0.5284,Scope 2
Energy,Coal,2544.09,kWh,0.4195,Scope 1
Manufacturing,Cement,48.05,kg,0.5215,Scope 3
Energy,Coal,2846.3,kWh,0.4995,Scope 2
Energy,Electricity,4729.15,kWh,0.1235,Scope 1
Manufacturing,Steel,3427.31,kg,0.2422,Scope 1
Transport,Car,1229.22,kg,0.4097,Scope 2
Transport,Train,2036.2,kg,0.0743,Scope 2
Manufacturing,Steel,1245.73,kg,0.6499,Scope 2
Transport,Train,1628.45,kg,0.6755,Scope 2
Manufacturing,Aluminum,4393.52,kg,0.79,Scope 3
Transport,Flight,4139.98,kg,0.1218,Scope 2
Manufacturing,Aluminum,1735.85,kg,0.724,Scope 2
Manufacturing,Aluminum,217.03,kg,0.2502,Scope 2
Manufacturing,Aluminum,945.8,kg,0.4266,Scope 2
Manufacturing,Steel,907.13,kg,0.7885,Scope 3
Waste,Composting,2355.5,kg,0.0827,Scope 1
Waste,Landfill,1713.98,kg,0.2386,Scope 1
Manufacturing,Steel,2309.86,kg,0.538,Scope 3
Waste,Recycling,3767.7,kg,0.0185,Scope 1
Manufacturing,Cement,1270.52,kg,0.3781,Scope 2
Transport,Bus,1667.31,kg,0.237,Scope 3
Transport,Flight,2651.18,kg,0.6827,Scope 2
Transport,Flight,99.23,kg,0.6241,Scope 3
